key,default,es-ES
Choice.!.name,!,
Choice.#.name,#,
Choice.$.name,$,
Choice.%.name,%,
"Choice.,.name",",",
Choice.-.name,-,
Choice...name,.,
Choice.00s.name,00s,
Choice.1.name,1,
Choice.10.name,10,
Choice.10s.name,10s,
Choice.1870s.name,1870s,
Choice.1880s.name,1880s,
Choice.1890s.name,1890s,
Choice.1900s.name,1900s,
Choice.1910s.name,1910s,
Choice.1920s.name,1920s,
Choice.2.name,2,
Choice.20s.name,20s,
Choice.3.name,3,
Choice.30s.name,30s,
Choice.4.name,4,
Choice.40s.name,40s,
Choice.5.name,5,
Choice.50s.name,50s,
Choice.6.name,6,
Choice.60s.name,60s,
Choice.7.name,7,
Choice.70s.name,70s,
Choice.8.name,8,
Choice.80s.name,80s,
Choice.9.name,9,
Choice.90s.name,90s,
Choice.:.name,:,
Choice.;.name,;,
Choice.<.name,<,
Choice.>.name,>,
Choice.?.name,?,
Choice.@.name,@,
Choice.^.name,^,
Choice._.name,_,
Choice.ace.name,ACE,
Choice.acousticness.name,acousticness,Acusticidad
Choice.add.name,Add,Anadir
Choice.add_end.name,Add_end,Anadir al final
Choice.album-crown.name,Album-Crown,Crown de albumes
Choice.album-h-index.name,Album-H-Index,Indice-H de albumes
Choice.album-percentage.name,Album-Percentage,Porcentaje de albumes
Choice.album-plays.name,Album-Plays,Reproducciones de album
Choice.album-rank.name,Album-Rank,Rango de album
Choice.album-rym.name,Album-Rym,Album RYM
Choice.albums-equal.name,Albums-Equal,Albumes igual
Choice.albums-over.name,Albums-Over,Albumes por encima
Choice.albums-under.name,Albums-Under,Albumes por debajo
Choice.albums.name,Albums,Albumes
Choice.All>>>all.name,All,Todos
Choice.ALL>>>all.name,ALL,Todos
Choice.artist-pic.name,Artist-Pic,Imagen de artista
Choice.artist-plays.name,Artist-Plays,Reproducciones de artista
Choice.artist-rank.name,Artist-Rank,Rango de artista
Choice.artists-equal.name,Artists-Equal,Artistas igual
Choice.artists-over.name,Artists-Over,Artistas por encima
Choice.artists-under.name,Artists-Under,Artistas por debajo
Choice.artists.name,Artists,Artistas
Choice.averages.name,Averages,Medias
Choice.beta.name,Beta,Beta
Choice.bi.name,BI,Bi
Choice.bot-album-rym.name,Bot-Album-Rym,
Choice.bot-listeners.name,Bot-Listeners,
Choice.bot-scrobbles.name,Bot-Scrobbles,
Choice.breadth-rating.name,Breadth-Rating,
Choice.breakdowns-albums.name,Breakdowns-Albums,
Choice.breakdowns-songs.name,Breakdowns-Songs,
Choice.breakdowns.name,Breakdowns,
Choice.choerry.name,CHOERRY,
Choice.chuu.name,CHUU,
Choice.collage.name,COLLAGE,
Choice.colours.name,Colours,
Choice.count.name,COUNT,
Choice.country.name,Country,
Choice.crown.name,Crown,
Choice.curated.name,curated,
Choice.current-combo.name,Current-Combo,
Choice.danceability.name,danceability,
Choice.day.name,Day,
Choice.default>>>default.name,default,
Choice.Default>>>default.name,Default,
Choice.discord-name.name,discord-name,
Choice.empty.name,Empty,
Choice.energy.name,energy,
Choice.extended-tags.name,Extended-Tags,
Choice.gender.name,Gender,
Choice.genre.name,genre,
Choice.global-album-crown.name,Global-Album-Crown,
Choice.global-album-rank.name,Global-Album-Rank,
Choice.global-crown.name,Global-Crown,
Choice.global-rank.name,Global-Rank,
Choice.global-track-crown.name,Global-Track-Crown,
Choice.global-track-rank.name,Global-Track-Rank,
Choice.gowon.name,GOWON,
Choice.group.name,GROUP,
Choice.grouped.name,GROUPED,
Choice.h-index.name,H-Index,
Choice.happiness.name,happiness,
Choice.haseul.name,HASEUL,
Choice.heejin.name,HEEJIN,
Choice.highest-bot-streak.name,Highest-Bot-Streak,
Choice.highest-server-streak.name,Highest-Server-Streak,
Choice.highest-streak.name,Highest-Streak,
Choice.hour.name,Hour,
Choice.hyunjin.name,HYUNJIN,
Choice.image-aside-info.name,Image-aside-info,
Choice.image-aside.name,Image-aside,
Choice.image-info.name,Image-info,
Choice.image.name,Image,
Choice.instrumentalness.name,instrumentalness,
Choice.jinsoul.name,JINSOUL,
Choice.joined.name,Joined,
Choice.kim_lip.name,KIM LIP,
Choice.last-name.name,last-name,
Choice.lesbian.name,LESBIAN,
Choice.lfm-listeners.name,Lfm-Listeners,
Choice.lfm-scrobbles.name,Lfm-Scrobbles,
Choice.lgtbq.name,LGTBQ,
Choice.list.name,List,
Choice.liveness.name,liveness,
Choice.loudness.name,loudness,
Choice.loved.name,Loved,
Choice.main.name,MAIN,
Choice.me.name,ME,
Choice.member.name,MEMBER,
Choice.minute.name,Minute,
Choice.misc.name,MISC,
Choice.month.name,Month,
Choice.nb.name,NB,
Choice.none.name,none,
Choice.normal>>>normal.name,normal,
Choice.Normal>>>normal.name,Normal,
Choice.oec.name,OEC,
Choice.olivia.name,OLIVIA,
Choice.onethird.name,ONETHIRD,
Choice.override.name,Override,
Choice.own-rank.name,Own-Rank,
Choice.percentage.name,Percentage,
Choice.pie.name,Pie,
Choice.plays.name,Plays,
Choice.popularity.name,Popularity,
Choice.previous.name,Previous,
Choice.quarter.name,Quarter,
Choice.queue.name,queue,
Choice.quitness.name,quitness,
Choice.random>>>random.name,random,
Choice.Random>>>random.name,Random,
Choice.releases.name,releases,
Choice.role.name,Role,
Choice.rym-link.name,Rym-Link,
Choice.sadness.name,sadness,
Choice.scrobble-averages.name,Scrobble-Averages,
Choice.scrobble-count.name,Scrobble-Count,
Choice.second.name,Second,
Choice.semester.name,Semester,
Choice.server-album-rym.name,Server-Album-Rym,
Choice.server-listeners.name,Server-Listeners,
Choice.server-scrobbles.name,Server-Scrobbles,
Choice.server.name,SERVER,
Choice.song-duration.name,Song-Duration,
Choice.song-h-index.name,Song-H-Index,
Choice.song-length.name,song-length,
Choice.song-percentage.name,Song-Percentage,
Choice.song-plays.name,Song-Plays,
Choice.song.name,song,
Choice.songs.name,Songs,
Choice.speechiness.name,speechiness,
Choice.spotify-link.name,Spotify-Link,
Choice.strict.name,strict,
Choice.subunit.name,SUBUNIT,
Choice.sum-top.name,Sum-Top,
Choice.sum.name,SUM,
Choice.tag.name,tag,
Choice.tags.name,Tags,
Choice.tempo.name,tempo,
Choice.top.name,Top,
Choice.track-crown.name,Track-Crown,
Choice.track-rank.name,Track-Rank,
Choice.trans.name,TRANS,
Choice.ungrouped.name,UNGROUPED,
Choice.vivi.name,VIVI,
Choice.week.name,Week,
Choice.year.name,Year,
Choice.yeojin.name,YEOJIN,
Choice.yes.name,yes,
Choice.yves.name,YVES,
Choice.yyxy.name,YYXY,
Choice.|.name,|,
Choice.~.name,~,
Command.affinity.desc,Gets your affinity with a user or with the rest of the server,
Command.affinity.name,affinity,
Command.album.desc,How many times you have heard an album!,
Command.album.name,album,
Command.albuminfo.desc,Information about an album,
Command.albuminfo.name,albuminfo,
Command.albumpace.desc,Like pace but for a given album and with more limited time windows,
Command.albumpace.name,albumpace,
Command.albums.desc,Number of albums listened by an user,
Command.albums.name,albums,
Command.aliases.desc,List all the aliases or corrections of one artist,
Command.aliases.name,aliases,
Command.artist.desc,An image returning some information about an artist related to an user,
Command.artist.name,artist,
Command.artistinfo.desc,Brief summary of an artist,
Command.artistinfo.name,artistinfo,
Command.artistpace.desc,Like pace but for a given artists and with more limited time windows,
Command.artistpace.name,artistpace,
Command.artistrank.desc,The rank on your artist in this server or in the bot,
Command.artistrank.name,artistrank,
Command.artists.desc,Number of artists listened by an user,
Command.artists.name,artists,
Command.audio.desc,Gets your audio features using Spotify data,
Command.audio.name,audio,
Command.behind.desc,List of artists that you have less plays than the second user,
Command.behind.name,behind,
Command.chart.album.desc,Chart with albums,
Command.chart.album.name,album,
Command.chart.aotd.desc,Like AOTY but for multiple years at the same time,
Command.chart.aotd.name,aotd,
Command.chart.aoty.desc,Gets your top albums of the year queried,
Command.chart.aoty.name,aoty,
Command.chart.artist.desc,Chart with artists,
Command.chart.artist.name,artist,
Command.chart.desc,Collages about your musical preferences,
Command.chart.name,chart,
Command.chart.recent.desc,Chart with recents,
Command.chart.recent.name,recent,
Command.chart.top.desc,Your all time top artists/albums!,
Command.chart.top.name,top,
Command.clock.desc,Displays your listening habits with a 24 hour format. You can also use the tz command for it to be accurate for yourself.,
Command.clock.name,clock,
Command.colour.color.desc,Your artists/albums which their cover is of a specific colour,
Command.colour.color.name,color,
Command.colour.desc,Charts that use colour of images,
Command.colour.name,colour,
Command.colour.pride.desc,Chart with a LGTBQ pallete,
Command.colour.pride.name,pride,
Command.colour.rainbow.desc,A artist/album chart shown by colors,
Command.colour.rainbow.name,rainbow,
Command.command-status.desc,Disable and re enable all the commands of the bot in a specific channel or in the whole server,
Command.command-status.disable.desc,Disables the command,
Command.command-status.disable.name,disable,
Command.command-status.enable.desc,Enables the command,
Command.command-status.enable.name,enable,
Command.command-status.name,command-status,
Command.command-status.toggle.desc,Toggles the command,
Command.command-status.toggle.name,toggle,
Command.commands.desc,Your most used commands,
Command.commands.name,commands,
Command.comparetracks.desc,Compare yourself with another user on one specific album,
Command.comparetracks.name,comparetracks,
Command.configuration.alias.desc,Let's you alias an artist to another,
Command.configuration.alias.name,alias,
Command.configuration.desc,Personalize your bot usage,
Command.configuration.disabled.desc,A list of all the disabled commands in the server,
Command.configuration.disabled.name,disabled,
Command.configuration.export.desc,Export the list of the current users in a server,
Command.configuration.export.name,export,
Command.configuration.logo.desc,Adds a logo that will be displayed on some bot functionalities,
Command.configuration.logo.name,logo,
Command.configuration.name,configuration,
Command.configuration.prefix.desc,Sets the prefix that the bot will respond to,
Command.configuration.prefix.name,prefix,
Command.configuration.privacy.desc,The privacy affects how you will be shown to other people in other server. By default your name won't be shown.,
Command.configuration.privacy.name,privacy,
Command.configuration.reactions.desc,Sets reactions for your nps,
Command.configuration.reactions.name,reactions,
Command.configuration.refresh.desc,Use it when you change your lastfm profile pic so the bot updates its cached version,
Command.configuration.refresh.name,refresh,
Command.configuration.refreshtracklist.desc,Updates tracklists,
Command.configuration.refreshtracklist.name,refreshtracklist,
Command.configuration.scrobbling.desc,Checks your scrobbling status within the bot,
Command.configuration.scrobbling.name,scrobbling,
Command.configuration.serverblock.desc,Lets server administrators block/unblock one user from this server leaderboard,
Command.configuration.serverblock.name,serverblock,
Command.configuration.serverreactions.desc,Sets reactions for the whole server on your nps,
Command.configuration.serverreactions.name,serverreactions,
Command.configuration.serverset.desc,Manually sets the user that have registered in other servers. This should only be used in case you have been using the bot for a while and there a lot of users which haven't set their accounts,
Command.configuration.serverset.name,serverset,
Command.configuration.timezone.desc,Sets your timezone so some time functionality of the bot can be more accurate,
Command.configuration.timezone.name,timezone,
Command.countries.desc,Map representation of your scrobbled artists,
Command.countries.name,countries,
Command.cover.desc,The image of an album,
Command.cover.name,cover,
Command.crowns.album-leaderboard.desc,List of users ordered by number of album crowns,
Command.crowns.album-leaderboard.name,album-leaderboard,
Command.crowns.albums.desc,Albums you are the top listener within a server,
Command.crowns.albums.name,albums,
Command.crowns.artist-leaderboard.desc,Users of a server ranked by crowns,
Command.crowns.artist-leaderboard.name,artist-leaderboard,
Command.crowns.artists.desc,List of artist you are the top listener within a server,
Command.crowns.artists.name,artists,
Command.crowns.desc,Who has listened the most an artist,
Command.crowns.global-albums.desc,Like your album crowns but considering all bot users instead of only a server,
Command.crowns.global-albums.name,global-albums,
Command.crowns.global-artists.desc,Like your crowns but considering all bot users instead of only a server,
Command.crowns.global-artists.name,global-artists,
Command.crowns.global-track-artist.desc,List of artist you are the top listener within a server,
Command.crowns.global-track-artist.name,global-track-artist,
Command.crowns.global-tracks.desc,Like your track crowns but considering all bot users instead of only a server,
Command.crowns.global-tracks.name,global-tracks,
Command.crowns.name,crowns,
Command.crowns.stolen.desc,List of crowns you would have if the other would concedes their crowns,
Command.crowns.stolen.name,stolen,
Command.crowns.track-artist.desc,List of artist you are the top listener within a server,
Command.crowns.track-artist.name,track-artist,
Command.crowns.track-leaderboard.desc,List of users ordered by number of track crowns,
Command.crowns.track-leaderboard.name,track-leaderboard,
Command.crowns.tracks.desc,List of tracks you are the top listener within a server,
Command.crowns.tracks.name,tracks,
Command.decades.desc,Which decade are your albums from?,
Command.decades.name,decades,
Command.discovery.album-ratio.desc,Returns the ratio of new albums discovered in a timeframe,
Command.discovery.album-ratio.name,album-ratio,
Command.discovery.albumrecommendation.desc,Album Recommendations based on affinity and top listened genres,
Command.discovery.albumrecommendation.name,albumrecommendation,
Command.discovery.albums.desc,Returns a chart with albums discovered,
Command.discovery.albums.name,albums,
Command.discovery.artist-ratio.desc,Returns the ratio of new artist discovered in the provided timeframe,
Command.discovery.artist-ratio.name,artist-ratio,
Command.discovery.artists.desc,Returns a chart with artists discovered,
Command.discovery.artists.name,artists,
Command.discovery.desc,Discover or help others discover new music,
Command.discovery.everynoise.desc,List all of the genres supplied in everynoise.com or find one by name,
Command.discovery.everynoise.name,everynoise,
Command.discovery.globalaffinity.desc,Gets your affinity with the rest of the bot users that have opened up their privacy settings,
Command.discovery.globalaffinity.name,globalaffinity,
Command.discovery.globalmatching.desc,Like Matching but it will only evaluate users that have a opened up their privacy settings. Do the command `privacy` for more info.,
Command.discovery.globalmatching.name,globalmatching,
Command.discovery.globalrecommendation.desc,Gets you a recommendation from bot users that have opened up their privacy settings,
Command.discovery.globalrecommendation.name,globalrecommendation,
Command.discovery.name,discovery,
Command.discovery.recommendation.desc,Gets you an artist that you have never scrobbled!,
Command.discovery.recommendation.name,recommendation,
Command.discovery.releases.desc,List all of the genres supplied in everynoise.com or find one by name,
Command.discovery.releases.name,releases,
Command.duration.desc,Shows your songs with the most or least length,
Command.duration.name,duration,
Command.favs.desc,Your favourite tracks from an artist,
Command.favs.name,favs,
Command.findalbum.desc,Search artist on your library by name,
Command.findalbum.name,findalbum,
Command.findartist.desc,Search artist on your library by name,
Command.findartist.name,findartist,
Command.findtrack.desc,Search tracks on your library by name,
Command.findtrack.name,findtrack,
Command.fm.desc,Returns your last or current playing song,
Command.fm.name,fm,
Command.friend.add.desc,Sends a friend request to a given user,
Command.friend.add.name,add,
Command.friend.artist.desc,Favourite albums for an artist in your friend list,
Command.friend.artist.name,artist,
Command.friend.chart.desc,Chart compose of all your friends favourite albums,
Command.friend.chart.name,chart,
Command.friend.desc,Manage your friend list and do commands for your full friend list,
Command.friend.favs.desc,Favourite tracks for your friend list,
Command.friend.favs.name,favs,
Command.friend.incoming.desc,Lists all your incoming requests,
Command.friend.incoming.name,incoming,
Command.friend.list.desc,Lists all your friends,
Command.friend.list.name,list,
Command.friend.name,friend,
Command.friend.np.desc,What your friends are playing right now,
Command.friend.np.name,np,
Command.friend.pending.desc,Lists the friend requests you have sent that are yet to be accepted,
Command.friend.pending.name,pending,
Command.friend.remove.desc,Removes the specified friend from your friend list,
Command.friend.remove.name,remove,
Command.friend.top.desc,Chart compose of all your friends favourite artists,
Command.friend.top.name,top,
Command.friend.toptracks.desc,List of top tracks for your friends,
Command.friend.toptracks.name,toptracks,
Command.friend.wk.desc,Who knows an artist in your friend list,
Command.friend.wk.name,wk,
Command.friend.wka.desc,Who knows an album in your friend list,
Command.friend.wka.name,wka,
Command.friend.wkt.desc,Who knows a song in your friend list,
Command.friend.wkt.name,wkt,
Command.from.desc,Your top artist that are from a specific country,
Command.from.name,from,
Command.genres.album-chart.desc,Searches Musicbrainz for albums that match the given tag (Should be coherent with the genre command),
Command.genres.album-chart.name,album-chart,
Command.genres.artist-chart.desc,Searches Musicbrainz for artists that match the given tag (Should be coherent with the genre command),
Command.genres.artist-chart.name,artist-chart,
Command.genres.artist.desc,List all the tags of one artist,
Command.genres.artist.name,artist,
Command.genres.desc,Commands about genres/tags for artists/albums...,
Command.genres.genreinfo.desc,Information about a Genre,
Command.genres.genreinfo.name,genreinfo,
Command.genres.multi-who-knows.desc,Returns a list of all the artist that match multiple tags,
Command.genres.multi-who-knows.name,multi-who-knows,
Command.genres.multiwhois.desc,Returns a list of all artists that have a given tag,
Command.genres.multiwhois.name,multiwhois,
Command.genres.name,genres,
Command.genres.song-chart.desc,Searches Musicbrainz for songs that match the given tag,
Command.genres.song-chart.name,song-chart,
Command.genres.top.desc,Top genres from an user,
Command.genres.top.name,top,
Command.genres.who-knows.desc,Who knows a given tag on the bot,
Command.genres.who-knows.name,who-knows,
Command.genres.whois.desc,Returns a list of all artists that have a given tag,
Command.genres.whois.name,whois,
Command.global.album-rank.desc,An overview of your global ranking of an album,
Command.global.album-rank.name,album-rank,
Command.global.aotd.desc,Like AOTD but for the whole bot,
Command.global.aotd.name,aotd,
Command.global.aoty.desc,Like AOTY but for the whole bot,
Command.global.aoty.name,aoty,
Command.global.artist.desc,Like artist command but for all the users in the bot,
Command.global.artist.name,artist,
Command.global.commandslb.desc,People that have run the most commands in the bot,
Command.global.commandslb.name,commandslb,
Command.global.decades.desc,Which decade are the bot albums from?,
Command.global.decades.name,decades,
Command.global.desc,Stats considering all the bot users,
Command.global.favs.desc,Favourite tracks from an artist on the bot,
Command.global.favs.name,favs,
Command.global.listeners.desc,Artists ranked by listeners on all servers that this bot handles,
Command.global.listeners.name,listeners,
Command.global.name,global,
Command.global.plays.desc,Artists ranked by total plays on all servers that this bot handles,
Command.global.plays.name,plays,
Command.global.rank.desc,An overview of your global ranking of an artist,
Command.global.rank.name,rank,
Command.global.song-rank.desc,An overview of your global ranking of an album,
Command.global.song-rank.name,song-rank,
Command.global.tracklist.desc,Plays on each track of the provided album by the whole bot,
Command.global.tracklist.name,tracklist,
Command.global.years.desc,Which year are the bot albums from?,
Command.global.years.name,years,
Command.globalwhoknows.desc,Like who knows but for all bot users and keeping some privacy :flushed:,
Command.globalwhoknows.name,globalwhoknows,
Command.gwkalbum.desc,Like who knows album but for all bot users and keeping some privacy,
Command.gwkalbum.name,gwkalbum,
Command.gwktrack.desc,Like who knows song but for all bot users and keeping some privacy,
Command.gwktrack.name,gwktrack,
Command.info.desc,Information about the bot,
Command.info.featured.desc,Info about the artist that appears on the bot status,
Command.info.featured.name,featured,
Command.info.github.desc,Source code of the bot,
Command.info.github.name,github,
Command.info.invite.desc,Invite the bot to other servers!,
Command.info.invite.name,invite,
Command.info.link.desc,Link to a user's last.fm page,
Command.info.link.name,link,
Command.info.name,info,
Command.info.search.desc,Search commands by name,
Command.info.search.name,search,
Command.info.stats.desc,Stats about the bot internals,
Command.info.stats.name,stats,
Command.info.support.desc,Link to the discord server where you can contact the bot developers,
Command.info.support.name,support,
Command.languages.desc,List of the languages you listen your music,
Command.languages.name,languages,
Command.leaderboard.albums.desc,Users of a server ranked by number of albums scrobbled,
Command.leaderboard.albums.name,albums,
Command.leaderboard.artists.desc,Users of a server ranked by number of artists scrobbled,
Command.leaderboard.artists.name,artists,
Command.leaderboard.commands.desc,People that have run the most commands in a server,
Command.leaderboard.commands.name,commands,
Command.leaderboard.desc,Server leaderboards,
Command.leaderboard.name,leaderboard,
Command.leaderboard.obscurity.desc,Gets how \*obscure\* your scrobbled artist are in relation with all the rest of the users of the server,
Command.leaderboard.obscurity.name,obscurity,
Command.leaderboard.scrobbles.desc,Users ordered by scrobbles,
Command.leaderboard.scrobbles.name,scrobbles,
Command.leaderboard.tracks.desc,Users of a server ranked by number of songs scrobbled,
Command.leaderboard.tracks.name,tracks,
Command.leaderboard.whoaudio.desc,Leaderboard of the different audio stats,
Command.leaderboard.whoaudio.name,whoaudio,
Command.leaderboard.whofirst.desc,Who listened first to an artist on a server,
Command.leaderboard.whofirst.name,whofirst,
Command.leaderboard.wholast.desc,Who listened last to an artist on a server,
Command.leaderboard.wholast.name,wholast,
Command.loona.desc,LOONA,
Command.loona.name,loona,
Command.love.desc,Loves a song on last.fm,
Command.love.name,love,
Command.loved-artist.desc,A list of all your loved songs,
Command.loved-artist.name,loved-artist,
Command.loved.desc,A list of all your loved songs,
Command.loved.name,loved,
Command.lyrics.desc,Gets lyrics from a given song,
Command.lyrics.name,lyrics,
Command.matching.desc,Users ordered by matching number of artists,
Command.matching.name,matching,
Command.milestone.desc,Which track was your #x scrobble?,
Command.milestone.name,milestone,
Command.moderation.albumyear.desc,Submit an album and its release year so it can be seen in the aoty command,
Command.moderation.albumyear.name,albumyear,
Command.moderation.aliasreview.desc,Aliases review,
Command.moderation.aliasreview.name,aliasreview,
Command.moderation.altalbumcover.desc,List the alternate covers for an album,
Command.moderation.altalbumcover.name,altalbumcover,
Command.moderation.altcover.desc,Gives an alt cover for a nsfw cover,
Command.moderation.altcover.name,altcover,
Command.moderation.banartisttag.desc,Bans a tag from an artist in the bot system,
Command.moderation.banartisttag.name,banartisttag,
Command.moderation.bantag.desc,Bans a tag from the bot system,
Command.moderation.bantag.name,bantag,
Command.moderation.botted.desc,Flags users as a botted account,
Command.moderation.botted.name,botted,
Command.moderation.coverlists.desc,All albums that have covers,
Command.moderation.coverlists.name,coverlists,
Command.moderation.desc,Command for bot admins,
Command.moderation.name,moderation,
Command.moderation.randomdelete.desc,Deletes a random url that you have posted,
Command.moderation.randomdelete.name,randomdelete,
Command.moderation.reports.desc,Report Review,
Command.moderation.reports.name,reports,
Command.moderation.review.desc,Image Review,
Command.moderation.review.name,review,
Command.multiwhoknows.desc,Like whoknows but for a lot of artists at the same time,
Command.multiwhoknows.name,multiwhoknows,
Command.music.clear.desc,Clears the queue,
Command.music.clear.name,clear,
Command.music.desc,Play and scrobble music,
Command.music.end.desc,Stops and clears the music player,
Command.music.end.name,end,
Command.music.join.desc,Makes the bot join an specified voice channel,
Command.music.join.name,join,
Command.music.jump.desc,Advances on the current song,
Command.music.jump.name,jump,
Command.music.loop.desc,Set if the music should be repeated,
Command.music.loop.name,loop,
Command.music.meta.desc,Changes the metadata of the current playing track for scrobbling purposes.,
Command.music.meta.name,meta,
Command.music.name,music,
Command.music.pause.desc,Pauses the current track,
Command.music.pause.name,pause,
Command.music.play.desc,play,
Command.music.play.name,play,
Command.music.playnext.desc,Skips the current song and starts playing the new one,
Command.music.playnext.name,playnext,
Command.music.playyoutubemusic.desc,Uses youtube music instead of youtube,
Command.music.playyoutubemusic.name,playyoutubemusic,
Command.music.queue.desc,Queued songs on a voice session,
Command.music.queue.name,queue,
Command.music.radio.desc,Plays music using random songs from the random pool,
Command.music.radio.name,radio,
Command.music.resume.desc,Resumes the current track,
Command.music.resume.name,resume,
Command.music.shuffle.desc,Shuffles the queue,
Command.music.shuffle.name,shuffle,
Command.music.sk.desc,Skips the current track,
Command.music.sk.name,sk,
Command.music.skc.desc,Skips the current chapter,
Command.music.skc.name,skc,
Command.music.skt.desc,Skip the current song and plays the one at position x,
Command.music.skt.name,skt,
Command.music.voice.desc,Your now playing song on voice,
Command.music.voice.name,voice,
Command.music.vol.desc,Set the volume of the music player.,
Command.music.vol.name,vol,
Command.np.desc,Returns your last or current playing song,
Command.np.name,np,
Command.npmode.add.desc,Adds only one np-modes,
Command.npmode.add.name,add,
Command.npmode.desc,Customize your np/fm commands with several extra fields,
Command.npmode.help.desc,Removes only one np-modes,
Command.npmode.help.name,help,
Command.npmode.list.desc,List the setted np-modes for an user,
Command.npmode.list.name,list,
Command.npmode.name,npmode,
Command.npmode.remove.desc,Removes only one np-modes,
Command.npmode.remove.name,remove,
Command.npmode.set.desc,Replaces all your np-modes with the ones provided,
Command.npmode.set.name,set,
Command.npspotify.desc,Returns a link to your current song via Spotify,
Command.npspotify.name,npspotify,
Command.obscurity.desc,Obscurity resume about an user,
Command.obscurity.name,obscurity,
Command.overview.desc,Several stats,
Command.overview.name,overview,
Command.pace.desc,Pace,
Command.pace.name,pace,
Command.playing.desc,Returns lists of all people that are playing music right now,
Command.playing.name,playing,
Command.plays.desc,Gets the amount of times an user has played an specific artist,
Command.plays.name,plays,
Command.popularity.desc,Songs ordered by popularity,
Command.popularity.name,popularity,
Command.profile.desc,Brief description of an user profile,
Command.profile.name,profile,
Command.random.desc,Commands about the random pool,
Command.random.details.desc,Details of a random url,
Command.random.details.name,details,
Command.random.mine.desc,"The top rated random urls by yourself, this server or the bot",
Command.random.mine.name,mine,
Command.random.name,random,
Command.random.obtain.desc,"Gets a random url that other users have added, or add one yourself",
Command.random.obtain.name,obtain,
Command.random.rate.desc,Rate a url of the random pool,
Command.random.rate.name,rate,
Command.random.submit.desc,"Gets a random url that other users have added, or add one yourself",
Command.random.submit.name,submit,
Command.random.top.desc,"The top rated random urls by yourself, this server or the bot",
Command.random.top.name,top,
Command.recent.desc,Returns your most recent songs played,
Command.recent.name,recent,
Command.rym.artistratings.desc,A list of albums rated of an artist in this server,
Command.rym.artistratings.name,artistratings,
Command.rym.chart.desc,Image of top rated albums for a user|server|bot,
Command.rym.chart.name,chart,
Command.rym.curve.desc,Your rym curve,
Command.rym.curve.name,curve,
Command.rym.desc,"Testing command about a RYM integration, possibly broken",
Command.rym.name,rym,
Command.rym.rating.desc,Album Ratings of users that were uploaded to RYM,
Command.rym.rating.name,rating,
Command.rym.ratings.desc,Your RYM Ratings,
Command.rym.ratings.name,ratings,
Command.rym.rymimport.desc,Load you rym rating into the bot. Read the help message for info about how to do it,
Command.rym.rymimport.name,rymimport,
Command.rym.rymserver.desc,Top Ranked Albums according to all bot users,
Command.rym.rymserver.name,rymserver,
Command.rym.rymtop.desc,Top Ranked Albums according to all bot users,
Command.rym.rymtop.name,rymtop,
Command.rym.unrated.desc,List your top unrated rym albums,
Command.rym.unrated.name,unrated,
Command.rymsearch.desc,Searches in rateyourmusic inputted query or now playing album,
Command.rymsearch.name,rymsearch,
Command.server-config.censor-covers.desc,Whether you want the bot to censor potentially nsfw album covers.,
Command.server-config.censor-covers.name,censor-covers,
Command.server-config.chart.desc,"Set the mode for all charts of all users in this server. While this is set any user configuration will be overridden.
		The possible values for the chart mode are the following:
			**Image**: Using the standard image format
			**Image-info**: Adds additional info to better identify the user of the chart
			**Image-aside**: Shows titles on the side of the chart
			**Image-aside-info**: Image Info and Aside Together
			**List**: Shows it on a embed
			**Pie**: Shows using a pie chart
			**Clear**: Sets the default mode",
Command.server-config.chart.name,chart,
Command.server-config.color.desc,"Set the color for all embed of all users in this server. While this is set any user configuration will be overridden.
		The possible values for the embed colour are the following:
			**Random**: Uses a random colour
			**Role**: Uses the color of your role in a server
			**Colours**: Uses user defined colours",
Command.server-config.color.name,color,
Command.server-config.crowns.desc,A positive number that represent the minimum number of scrobbles for a crown to count,
Command.server-config.crowns.name,crowns,
Command.server-config.delete-message.desc,Whether you want the bot to delete the original message the user wrote.,
Command.server-config.delete-message.name,delete-message,
Command.server-config.desc,server configuration,
Command.server-config.disabled-warning.desc,Whether you want the bot to show a warning when you try to run a disabled command.,
Command.server-config.disabled-warning.name,disabled-warning,
Command.server-config.list.desc,List all the server configs,
Command.server-config.list.name,list,
Command.server-config.name,server-config,
Command.server-config.np-reactions.desc,Whether you want the bot to add reactions to nps in this server.,
Command.server-config.np-reactions.name,np-reactions,
Command.server-config.override-color.desc,"Whether you want the server color to override the users colors or only use them when the user doesnt have any.
		The possible values for the color mode are the following:
			**Override**: Override all colors with the server colors
			**Empty**: Only overrides if the user doesnt have any color set",
Command.server-config.override-color.name,override-color,
Command.server-config.override-reactions.desc,"Whether you want the server reactions to override the users reactions, add to the user added or only use them when the user doesnt have any.
		The possible values for the override np mode are the following:
			**Override**: Override all reactions with the server reactions
			**Add**: Adds server reactions before the user reactions
			**Add-End**: Adds server reactions after the user reactions
			**Empty**: Only overrides if the user doesnt have any reaction set",
Command.server-config.override-reactions.name,override-reactions,
Command.server-config.rest.desc,"Set the mode for all charts of the remaining images of the users in this server. While this is set any user configuration will be overridden
		The possible values for the rest of the commands are the following:
			**Image**: Using the standard image format
			**List**: Shows it on a embed
			**Pie**: Shows using a pie chart
			**Clear**: Sets the default mode",
Command.server-config.rest.name,rest,
Command.server-config.set-on-join.desc,Whether the bot should automatically set all known users when they join your server.,
Command.server-config.set-on-join.name,set-on-join,
Command.server-config.voice-announcement-channel.desc,"If set, the bot will send to this channel when a new song is started, as opposed to using the channel where the command was invoked.",
Command.server-config.voice-announcement-channel.name,voice-announcement-channel,
Command.server-config.voice-announcement-enabled.desc,Whether the bot should announce if it plays the next song or not,
Command.server-config.voice-announcement-enabled.name,voice-announcement-enabled,
Command.server-config.whoknows.desc,"Set the mode for all who knows of all users in this server. While this is set any user configuration will be overridden.
		The possible values for the who knows mode are the following:
			**Image**: Using the standard image format
			**List**: Shows it on a embed
			**Pie**: Shows using a pie chart
			**Clear**: Sets the default mode",
Command.server-config.whoknows.name,whoknows,
Command.server.albums.desc,Chart of a server most listened albums,
Command.server.albums.name,albums,
Command.server.aotd.desc,Like AOTD but for the whole server,
Command.server.aotd.name,aotd,
Command.server.aoty.desc,Like AOTY but for the whole server,
Command.server.aoty.name,aoty,
Command.server.artist.desc,Like artist command but for all the users in the server,
Command.server.artist.name,artist,
Command.server.artists.desc,Chart of a server most listened artist,
Command.server.artists.name,artists,
Command.server.countries.desc,Map representation of this server scrobbled artists,
Command.server.countries.name,countries,
Command.server.decades.desc,Which decade are your albums from?,
Command.server.decades.name,decades,
Command.server.desc,Stats about a specific server,
Command.server.favs.desc,Your favourite tracks from an artist,
Command.server.favs.name,favs,
Command.server.from.desc,Server top artist that are from a specific country,
Command.server.from.name,from,
Command.server.listeners.desc,Artist ordered by listener,
Command.server.listeners.name,listeners,
Command.server.name,server,
Command.server.plays.desc,Artist plays on this server,
Command.server.plays.name,plays,
Command.server.songs.desc,Chart of a server most listened songs,
Command.server.songs.name,songs,
Command.server.stats.desc,Stats about this server,
Command.server.stats.name,stats,
Command.server.tags.desc,Top Tags within a server,
Command.server.tags.name,tags,
Command.server.tracks.desc,Plays on each track of the provided album by the whole server,
Command.server.tracks.name,tracks,
Command.server.years.desc,Which year are your albums from?,
Command.server.years.name,years,
Command.since.desc,The number of scrobbles from a really flexible date,
Command.since.name,since,
Command.songs.desc,Number of songs listened by an user,
Command.songs.name,songs,
Command.starting.desc,Commands to get you started,
Command.starting.help.desc,Command that helps to use all other commands!,
Command.starting.help.name,help,
Command.starting.login.desc,Login your last.fm account,
Command.starting.login.name,login,
Command.starting.name,starting,
Command.starting.set.desc,Adds you to the system,
Command.starting.set.name,set,
Command.starting.unset.desc,Removes a user completely from the bot system,
Command.starting.unset.name,unset,
Command.starting.update.desc,Keeps you up to date,
Command.starting.update.name,update,
Command.streaks.artistcombo.desc,List of the top streaks for a specific artist in the bot,
Command.streaks.artistcombo.name,artistcombo,
Command.streaks.botstreaks.desc,List of the top streaks in the bot,
Command.streaks.botstreaks.name,botstreaks,
Command.streaks.desc,Tracking your combos,
Command.streaks.mycombos.desc,Check what are your longest streaks to date. Only combos with more than 20 plays are stored,
Command.streaks.mycombos.name,mycombos,
Command.streaks.name,streaks,
Command.streaks.streak.desc,Last playing streak,
Command.streaks.streak.name,streak,
Command.streaks.tagstreak.desc,Genre combo,
Command.streaks.tagstreak.name,tagstreak,
Command.summary.desc,User scrobble summary,
Command.summary.name,summary,
Command.taste.desc,Compare your musical taste with another user,
Command.taste.name,taste,
Command.tastealbum.desc,Compare your top tracks of an album with another user,
Command.tastealbum.name,tastealbum,
Command.tasteartist.desc,Compare your musical taste with another user,
Command.tasteartist.name,tasteartist,
Command.tastetrack.desc,Compare your musical taste with another user,
Command.tastetrack.name,tastetrack,
Command.time.albums.desc,Albums ordered by listening time,
Command.time.albums.name,albums,
Command.time.artist.desc,Chart with time spent on artists,
Command.time.artist.name,artist,
Command.time.daily.desc,Return time spent listening in the last 24 hours,
Command.time.daily.name,daily,
Command.time.desc,Commands that use timed data,
Command.time.first.desc,First time you scrobbled an artist,
Command.time.first.name,first,
Command.time.firsttrack.desc,First time you scrobbled a song,
Command.time.firsttrack.name,firsttrack,
Command.time.last.desc,Last time you scrobbled an artist,
Command.time.last.name,last,
Command.time.lasttrack.desc,Last time you scrobbled a song,
Command.time.lasttrack.name,lasttrack,
Command.time.minutes.desc,Minutes listened last week,
Command.time.minutes.name,minutes,
Command.time.name,time,
Command.time.songs.desc,Tracks ordered by time spent,
Command.time.songs.name,songs,
Command.time.specific-artist.desc,Your time spent on an artist,
Command.time.specific-artist.name,specific-artist,
Command.time.week.desc,Weekly Description,
Command.time.week.name,week,
Command.toptracks.desc,Top songs in the provided period,
Command.toptracks.name,toptracks,
Command.track.desc,Your Plays on a given song,
Command.track.name,track,
Command.trackfeatures.desc,Gets audio features of a specific song using Spotify data,
Command.trackfeatures.name,trackfeatures,
Command.trackinfo.desc,Information about a track,
Command.trackinfo.name,trackinfo,
Command.tracks.desc,Plays on each track of the provided album,
Command.tracks.name,tracks,
Command.trends.albumbillboard.desc,The most popular albums last week on this server,
Command.trends.albumbillboard.name,albumbillboard,
Command.trends.artistbillboard.desc,The most popular artists last week on this server,
Command.trends.artistbillboard.name,artistbillboard,
Command.trends.billboard.desc,The most popular tracks last week on this server,
Command.trends.billboard.name,billboard,
Command.trends.desc,Weekly stats about server/global trends,
Command.trends.globalalbumbillboard.desc,The most popular albums last week on the whole bot,
Command.trends.globalalbumbillboard.name,globalalbumbillboard,
Command.trends.globalartistbillboard.desc,The most popular artists last week on the bot,
Command.trends.globalartistbillboard.name,globalartistbillboard,
Command.trends.globalbillboard.desc,The most popular tracks last week on this server,
Command.trends.globalbillboard.name,globalbillboard,
Command.trends.name,trends,
Command.unexplored.desc,What songs you haven't heard for an specific artist,
Command.unexplored.name,unexplored,
Command.unexploredalbums.desc,What albums you haven't heard for an specific artist,
Command.unexploredalbums.name,unexploredalbums,
Command.uniques.album-leaderboard.desc,Unique album leaderboard in guild,
Command.uniques.album-leaderboard.name,album-leaderboard,
Command.uniques.albums.desc,Returns lists of all the unique albums you have scrobbled,
Command.uniques.albums.name,albums,
Command.uniques.artists-leaderboard.desc,Unique artist leaderboard in guild,
Command.uniques.artists-leaderboard.name,artists-leaderboard,
Command.uniques.artists.desc,Returns lists of all the unique artist you have scrobbled,
Command.uniques.artists.name,artists,
Command.uniques.desc,Commands about unique artists,
Command.uniques.global-albums.desc,Your unique albums considering all bot users,
Command.uniques.global-albums.name,global-albums,
Command.uniques.global-artists.desc,Your unique top considering all bot users,
Command.uniques.global-artists.name,global-artists,
Command.uniques.global-tracks.desc,Your unique songs considering all bot users,
Command.uniques.global-tracks.name,global-tracks,
Command.uniques.name,uniques,
Command.uniques.tracks-leaderboard.desc,Unique songs leaderboard in guild,
Command.uniques.tracks-leaderboard.name,tracks-leaderboard,
Command.uniques.tracks.desc,Returns lists of all the unique songs you have scrobbled,
Command.uniques.tracks.name,tracks,
Command.unlove.desc,Unloves a song on last.fm,
Command.unlove.name,unlove,
Command.url.desc,Changes artist image that is displayed on some bot functionalities,
Command.url.name,url,
Command.user-config.artist-threshold.desc,Changes the minimun number of plays required for an album to show on the artist command,
Command.user-config.artist-threshold.name,artist-threshold,
Command.user-config.chart-options.desc,Specify some chart options that will apply as default for all your charts. Right now only --plays and --notitles,
Command.user-config.chart-options.name,chart-options,
Command.user-config.chart.desc,"Set the mode for all charts. Keep in mind that if a server has a set value that will be prioritized.
		The possible values for the chart mode are the following:
			**Image**: Using the standard image format
			**Image-info**: Adds additional info to better identify the user of the chart
			**Image-aside**: Shows titles on the side of the chart
			**Image-aside-info**: Image Info and Aside Together
			**List**: Shows it on a embed
			**Pie**: Shows using a pie chart
			**Clear**: Sets the default mode",
Command.user-config.chart.name,chart,
Command.user-config.color.desc,"Set the color for your embeds.
		The possible values for the embed colour are the following:
			**Random**: Uses a random colour
			**Role**: Uses the color of your role in a server
			**Colours**: Uses user defined colours",
Command.user-config.color.name,color,
Command.user-config.desc,user configuration,
Command.user-config.image-notify.desc,"Whether you will get notified or not when a submitted image gets accepted (true = notify, false = don't)",
Command.user-config.image-notify.name,image-notify,
Command.user-config.list.desc,List all the user configs,
Command.user-config.list.name,list,
Command.user-config.name,user-config,
Command.user-config.np.desc,"Setting this will alter the appearance of your np commands. You can select as many as you want from the following list and mix them up:
Normal | Previous | Tags | Crown | Lfm-Listeners | Lfm-Scrobbles | Album-Rym | Artist-Rank | Server-Album-Rym | Bot-Album-Rym | Album-Rank | Album-Crown | Global-Crown | Global-Rank | Global-Album-Crown | Global-Album-Rank | Server-Listeners | Server-Scrobbles | Gender | Country | Artist-Pic | Random | Album-Plays | Artist-Plays | Song-Plays | Highest-Streak | Highest-Server-Streak | Highest-Bot-Streak | Spotify-Link | Song-Duration | Bot-Listeners | Bot-Scrobbles | Track-Rank | Track-Crown | Global-Track-Crown | Global-Track-Rank | Extended-Tags | Current-Combo | Scrobble-Count | Rym-Link | Loved | Popularity",
Command.user-config.np.name,np,
Command.user-config.own-tags.desc,Setting this to true will mean that for the np command your own tags will be prioritized. (Need also to authorize the bot with `login`),
Command.user-config.own-tags.name,own-tags,
Command.user-config.privacy.desc,"Sets how will you appear in the global leaderboard, changing this means users from other servers might be able to contact you directly",
Command.user-config.privacy.name,privacy,
Command.user-config.private-lastfm.desc,Setting this to true will mean that your last.fm name will stay private and will not be shared with anyone. (This is different from privacy settings since it affects commands within a server and not cross server),
Command.user-config.private-lastfm.name,private-lastfm,
Command.user-config.private-update.desc,"If you want others users to be able to update your account with a ping and the update command (true for making it private, false for it to be public)",
Command.user-config.private-update.name,private-update,
Command.user-config.rating-notify.desc,"Whether you will get notified or not when a url you have submitted to the random command gets rated by someone else (true = notify, false = don't)",
Command.user-config.rating-notify.name,rating-notify,
Command.user-config.rest.desc,"Set the mode for the rest of the commands. Keep in mind that if a server has a set value that will be prioritized.
		The possible values for the rest of the commands are the following:
			**Image**: Using the standard image format
			**List**: Shows it on a embed
			**Pie**: Shows using a pie chart
			**Clear**:| Sets the default mode",
Command.user-config.rest.name,rest,
Command.user-config.scrobbling.desc,Setting this to false will mean that whatever you play with the bot on a voice channel won't scrooble,
Command.user-config.scrobbling.name,scrobbling,
Command.user-config.show-botted.desc,Setting this to false will mean that you wont have to include --nobotted in the global commands to exclude accounts flagged as bots),
Command.user-config.show-botted.name,show-botted,
Command.user-config.size.desc,Change the default chart size for chart command when you dont specify directly the size,
Command.user-config.size.name,size,
Command.user-config.timezone.desc,TIMEZONE,
Command.user-config.timezone.name,timezone,
Command.user-config.whoknows-display.desc,"Set the mode for all charts. Keep in mind that if a server has a set value that will be prioritized.
		The possible values for the who knows mode are the following:
			**Image**: Using the standard image format
			**List**: Shows it on a embed
			**Pie**: Shows using a pie chart
			**Clear**: Sets the default mode",
Command.user-config.whoknows-display.name,whoknows-display,
Command.user-config.wk-mode.desc,Sets the wkmode when you are using the image mode; You can select as many as you want from the following list and mix them up:Normal | Own-Rank | Beta,
Command.user-config.wk-mode.name,wk-mode,
Command.uwkalbum.desc,How many times the guild has heard an album!,
Command.uwkalbum.name,uwkalbum,
Command.uwktrack.desc,Get the list of people that have played a specific song on this server,
Command.uwktrack.name,uwktrack,
Command.vote.desc,Vote for an image. The top voted image will be displayed in the bot commands,
Command.vote.name,vote,
Command.whoknows.desc,Users who know the given artist,
Command.whoknows.name,whoknows,
Command.wkalbum.desc,How many times the guild has heard an album! (Using local database),
Command.wkalbum.name,wkalbum,
Command.wkmode.add.desc,Adds only one wk-image-modes,
Command.wkmode.add.name,add,
Command.wkmode.desc,Customize your wk image commands,
Command.wkmode.help.desc,Removes only one wk-image-modes,
Command.wkmode.help.name,help,
Command.wkmode.list.desc,List the setted wk-image-modes for an user,
Command.wkmode.list.name,list,
Command.wkmode.name,wkmode,
Command.wkmode.remove.desc,Removes only one wk-image-modes,
Command.wkmode.remove.name,remove,
Command.wkmode.set.desc,Replaces all your wk-image-modes with the ones provided,
Command.wkmode.set.name,set,
Command.wktrack.desc,Get the list of people that have played a specific song on this server,
Command.wktrack.name,wktrack,
Command.years.desc,Which year are your albums from?,
Command.years.name,years,
Command.yt.desc,Searches in Youtube inputted query or now playing song,
Command.yt.name,yt,
Option.add>>>wk-image-modes.desc,All modes to select to,
Option.affinity-threshold.desc,If a threshold is set it means that the artists below that threshold will be discarded for the comparison,
Option.affinity-threshold.name,affinity-threshold,
Option.album.name,album,
Option.albumbillboard>>>count.desc,You can also introduce a number to vary the number of tracks shown in the image. Defaults to 5,
Option.albuminfo>>>album.desc,"The album of the artist to query for, separated with -",
Option.albumpace>>>goal.desc,You can introduce a goal that will be the number of scrobbles that you want to obtain.,
Option.albums.desc,use albums,
Option.albums.name,albums,
Option.albums>>>filter.desc,You can also introduce the playcount to only show albums above that number of plays,
Option.albums>>>plays.desc,shows this with plays,
Option.alias.desc,New alias to add,
Option.alias.name,alias,
Option.all.name,all,
Option.aotd>>>list.desc,display it in an embed,
Option.aotd>>>start.desc,Decade to start the range,
Option.append.desc,add emotes to the currently existing list,
Option.append.name,append,
Option.artist-1.desc,1st artist,
Option.artist-1.name,artist-1,
Option.artist-2.desc,2nd artist,
Option.artist-2.name,artist-2,
Option.artist-3.desc,3rd artist,
Option.artist-3.name,artist-3,
Option.artist-4.desc,4th artist,
Option.artist-4.name,artist-4,
Option.artist-5.desc,5th artist,
Option.artist-5.name,artist-5,
Option.artist-threshold.desc,Changes the minimun number of plays required for an album to show on the artist command,
Option.artist-threshold.name,artist-threshold,
Option.artist.name,artist,
Option.artistcombo>>>myself.desc,same as `me`,
Option.artistcombo>>>start.desc,show the moment the streak started,
Option.artists>>>filter.desc,You can also introduce the playcount to only show artists above that number of plays,
Option.artists>>>global.desc,shows artist from all bot users instead of only from this server,
Option.artists>>>timeframe.desc,chart time-frame,
Option.aside.desc,show titles on the side,
Option.aside.name,aside,
Option.bandcamp.desc,only include spotify links,
Option.bandcamp.name,bandcamp,
Option.behind>>>filter.desc,You can also introduce a number to filter artist below that number,
Option.botstreaks>>>filter.desc,You can also introduce a number to only get streak with more than that number of plays.,
Option.botstreaks>>>server.desc,only include people in this server,
Option.botted.desc,show botted accounts in case you have the config show-botted disabled,
Option.botted.name,botted,
Option.botted>>>check.desc,check a flagged account,
Option.category.desc,disable all commands from the category of the command introduced,
Option.category.name,category,
Option.censor-covers.desc,Whether you want the bot to censor potentially nsfw album covers.,
Option.censor-covers.name,censor-covers,
Option.channel.name,channel,
Option.chart-mode.name,chart-mode,
Option.chart-options.desc,Specify some chart options that will apply as default for all your charts. Right now only --plays and --notitles,
Option.chart-options.name,chart-options,
Option.chart-size.desc,Size of the chart,
Option.chart-size.name,chart-size,
Option.chart>>>chart-mode.desc,"Set the mode for all charts. Keep in mind that if a server has a set value that will be prioritized.
		The possible values for the chart mode are the following:
			**Image**: Using the standard image format
			**Image-info**: Adds additional info to better identify the user of the chart
			**Image-aside**: Shows titles on the side of the chart
			**Image-aside-info**: Image Info and Aside Together
			**List**: Shows it on a embed
			**Pie**: Shows using a pie chart
			**Clear**: Sets the default mode",
Option.chart>>>chart-mode.desc,"Set the mode for all charts of all users in this server. While this is set any user configuration will be overridden.
		The possible values for the chart mode are the following:
			**Image**: Using the standard image format
			**Image-info**: Adds additional info to better identify the user of the chart
			**Image-aside**: Shows titles on the side of the chart
			**Image-aside-info**: Image Info and Aside Together
			**List**: Shows it on a embed
			**Pie**: Shows using a pie chart
			**Clear**: Sets the default mode",
Option.chart>>>global.desc,show ratings from all bot users instead of only from this server,
Option.chart>>>server.desc,show ratings from users only in this server,
Option.check.name,check,
Option.color.name,color,
Option.color>>>color.desc,sort by color,
Option.color>>>column.desc,sort column by column,
Option.color>>>inverse.desc,inverse the color ordering on the sorts that use color,
Option.color>>>linear.desc,sort line by line,
Option.colour.desc,"Input one or multiple by color name, by hex code (starting with # or 0x) or any other valid HTML color constructor like rgb(0,0,0)",
Option.colour.name,colour,
Option.colours-select.desc,Fill with a list of colours. Only if you have chosen colour mode,
Option.colours-select.name,colours-select,
Option.column.name,column,
Option.columns.name,columns,
Option.command-name.desc,The command to apply the action to,
Option.command-name.name,command-name,
Option.command.desc,name of the command to search,
Option.command.name,command,
Option.compare-user.desc,user to compare with,
Option.compare-user.name,compare-user,
Option.complete.desc,show all the commands on a huge embed,
Option.complete.name,complete,
Option.count.name,count,
Option.country.desc,Country must come in the full name format or in the ISO 3166-1 alpha-2/alpha-3 format,
Option.country.name,country,
Option.crowns-threshold.desc,A positive number that represent the minimum number of scrobbles for a crown to count,
Option.crowns-threshold.name,crowns-threshold,
Option.decade.desc,The decade to choose,
Option.decade.name,decade,
Option.deezer.desc,only include spotify links,
Option.deezer.name,deezer,
Option.delete-message.desc,Whether you want the bot to delete the original message the user wrote.,
Option.delete-message.name,delete-message,
Option.details>>>server.desc,only include urls from people in this server,
Option.disable.desc,disable the scrobbling functionalities,
Option.disable.name,disable,
Option.disabled-warning.desc,Whether you want the bot to show a warning when you try to run a disabled command.,
Option.disabled-warning.name,disabled-warning,
Option.distance.desc,You can set a distance to show crowns achievable within it,
Option.distance.name,distance,
Option.emote-emoji.desc,"If not emotes are provided, the reactions will be cleared
Emotes can be either server emotes or emojis.",
Option.emote-emoji.name,emote-emoji,
Option.enable.desc,enable the scrobbling functionalities,
Option.enable.name,enable,
Option.end.desc,Decade to end the range,
Option.end.name,end,
Option.exceptthis.desc,disable all commands from all categories ofs the command introduced,
Option.exceptthis.name,exceptthis,
Option.existing-artist.desc,Existing artist this new alias will point to,
Option.existing-artist.name,existing-artist,
Option.filter.name,filter,
Option.flag.desc,Flag to use,
Option.flag.name,flag,
Option.force.name,force,
Option.from-np.name,from-np,
Option.from.desc,From: date parsing,
Option.from.name,from,
Option.full.desc,in case of doing the image show first 100 songs in the image,
Option.full.name,full,
Option.genre-1.desc,1st genre,
Option.genre-1.name,genre-1,
Option.genre-2.desc,2nd genre,
Option.genre-2.name,genre-2,
Option.genre-3.desc,3rd genre,
Option.genre-3.name,genre-3,
Option.genre-4.desc,4th genre,
Option.genre-4.name,genre-4,
Option.genre-5.desc,5th genre,
Option.genre-5.name,genre-5,
Option.genre.desc,A genre can be specified or otherwise it defaults to the genre of your current track|album|artist according to last.fm,
Option.genre.name,genre,
Option.global.name,global,
Option.globalaffinity>>>number.desc,"You can also introduce a number to vary the number of plays needed to award a match, defaults to 30",
Option.globalbillboard>>>image.desc,show this as a chart,
Option.globalrecommendation>>>number.desc,"You can also introduce a number to vary the number of recommendations that you will receive, defaults to 1",
Option.goal.name,goal,
Option.group-selector.desc,Instead of selecting a specific unit you can select a group,
Option.group-selector.name,group-selector,
Option.help.desc,Writing **__help__** will give you a brief description of all the statistics that you include in the command,
Option.help.name,help,
Option.help>>>all.desc,DM you a list of all the commands with an explanation,
Option.help>>>all.desc,whether should include the help for one command or for all,
Option.hideprivate.desc,only shows public users,
Option.hideprivate.name,hideprivate,
Option.hours.desc,hours to seek in,
Option.hours.name,hours,
Option.image-notify.desc,"Whether you will get notified or not when a submitted image gets accepted (true = notify, false = don't)",
Option.image-notify.name,image-notify,
Option.image.name,image,
Option.index.desc,You need to specify the position of the track in the queue that you want to skip to.,
Option.index.name,index,
Option.input.desc,A search term or a link,
Option.input.name,input,
Option.inverse.name,inverse,
Option.join>>>channel.desc,Channel can be either the name of a channel or the id of the channel,
Option.lastfm-name.desc,lfm name of user to flag as botted,
Option.lastfm-name.name,lastfm-name,
Option.lastfm.name,lastfm,
Option.lfm-user.desc,The last.fm username you wish to link with your discord account,
Option.lfm-user.name,lfm-user,
Option.linear.name,linear,
Option.list.name,list,
Option.listeners.desc,"sort the list by listener count, not scrobbles",
Option.listeners.name,listeners,
Option.lyrics>>>song.desc,"The song of the artist to query for, separated with -",
Option.matching>>>number.desc,"You can also introduce a number to vary the number of plays needed to award a match, defaults to 1",
Option.mb.desc,use only musicbrainz tags,
Option.mb.name,mb,
Option.me.desc,only include author of the command,
Option.me.name,me,
Option.milestone.desc,The specific milestone you want to lookup,
Option.milestone.name,milestone,
Option.minutes.desc,minutes to seek in,
Option.minutes.name,minutes,
Option.mode.desc,mode to select,
Option.mode.name,mode,
Option.modes.desc,Whether the results will be shown grouped within the selector or not,
Option.modes.name,modes,
Option.modifier.desc,A number that modifies all the stats,
Option.modifier.name,modifier,
Option.multi-who-knows>>>from-np.desc,# of genres to fetch from np,
Option.multiwhoknows>>>from-np.desc,# of artists to fetch from np,
Option.musicbrainz.desc,fetch from spotify,
Option.musicbrainz.name,musicbrainz,
Option.myself.name,myself,
Option.new.desc,new,
Option.new.name,new,
Option.nobotted.desc,discard users that have been manually flagged as potentially botted accounts,
Option.nobotted.name,nobotted,
Option.nofirst.desc,show only the artists in which you are not first,
Option.nofirst.name,nofirst,
Option.nolimit.desc,make the chart as big as possible,
Option.nolimit.name,nolimit,
Option.noplays.desc,hide the plays,
Option.noplays.name,noplays,
Option.noratings.desc,not show ratings,
Option.noratings.name,noratings,
Option.noredirect.desc,not use autocorrections,
Option.noredirect.name,noredirect,
Option.notime.desc,not display time spent,
Option.notime.name,notime,
Option.notitles.desc,not display titles,
Option.notitles.name,notitles,
Option.np-modes.desc,List of all np-modes to set,
Option.np-modes.name,np-modes,
Option.np-modes1.desc,1st batch of np-modes,
Option.np-modes1.name,np-modes1,
Option.np-modes2.desc,2nd batch of np-modes,
Option.np-modes2.name,np-modes2,
Option.np-reactions.desc,Whether you want the bot to add reactions to nps in this server.,
Option.np-reactions.name,np-reactions,
Option.np>>>recent.desc,the last scrobble instead of the current scrobble,
Option.number-of-recs.desc,Indicates the number of recommendations allowed. Defaults to 1,
Option.number-of-recs.name,number-of-recs,
Option.number.name,number,
Option.obtain>>>spotify.desc,only include spotify links,
Option.operations.desc,The possible operations on the resulting image/embed,
Option.operations.name,operations,
Option.ordered.desc,sort by plays,
Option.ordered.name,ordered,
Option.override-color.desc,"Whether you want the server color to override the users colors or only use them when the user doesnt have any.
		The possible values for the color mode are the following:
			**Override**: Override all colors with the server colors
			**Empty**: Only overrides if the user doesnt have any color set",
Option.override-color.name,override-color,
Option.override-np-override.desc,"Whether you want the server reactions to override the users reactions, add to the user added or only use them when the user doesnt have any.
		The possible values for the override np mode are the following:
			**Override**: Override all reactions with the server reactions
			**Add**: Adds server reactions before the user reactions
			**Add-End**: Adds server reactions after the user reactions
			**Empty**: Only overrides if the user doesnt have any reaction set",
Option.override-np-override.name,override-np-override,
Option.overview>>>album.desc,The album for some modes,
Option.overview>>>artist.desc,The artist for some modes,
Option.overview>>>song.desc,The song for some modes,
Option.own-tags.desc,Setting this to true will mean that for the np command your own tags will be prioritized. (Need also to authorize the bot with `login`),
Option.own-tags.name,own-tags,
Option.pace>>>timeframe.desc,the timeframe to use,
Option.palette.desc,"A number which represent the palette to use.
If it is not indicated it defaults to a random palette",
Option.palette.name,palette,
Option.parameter.desc,Parameter for option,
Option.parameter.name,parameter,
Option.pie.desc,show it as a pie,
Option.pie.name,pie,
Option.playing>>>recent.desc,show last song from ALL users,
Option.plays.name,plays,
Option.plays>>>artist.desc,The artist written will be used or if no artist is provided the artist that you are currently listening to will be used,
Option.popularity>>>reverse.desc,sort by less popularity,
Option.prefix.desc,The prefix to use,
Option.prefix.name,prefix,
Option.pride>>>columns.desc,If number of columns is not specified it defaults to 5 columns,
Option.private-lastfm.desc,Setting this to true will mean that your last.fm name will stay private and will not be shared with anyone. (This is different from privacy settings since it affects commands within a server and not cross server),
Option.private-lastfm.name,private-lastfm,
Option.private-update.desc,"If you want others users to be able to update your account with a ping and the update command (true for making it private, false for it to be public)",
Option.private-update.name,private-update,
Option.query.desc,If you don't introduce a query it takes your now playing song as a parameter,
Option.query.name,query,
Option.rainbow>>>artist.desc,use artists instead of albums,
Option.rainbow>>>color.desc,sort by color instead of brightness,
Option.rainbow>>>column.desc,display rainbow column by column instead of in stair,
Option.rainbow>>>inverse.desc,show it black to white instead of white to black,
Option.rainbow>>>linear.desc,display the rainbow line by line instead of stair,
Option.rate>>>rating.desc,You should introduce a number to rate the given url,
Option.rating-notify.desc,"Whether you will get notified or not when a url you have submitted to the random command gets rated by someone else (true = notify, false = don't)",
Option.rating-notify.name,rating-notify,
Option.rating.name,rating,
Option.ratings>>>rating.desc,Value of the rating,
Option.recent.name,recent,
Option.recent>>>number.desc,"You can also introduce a number to vary the number of songs shown, defaults to 5, max 1000",
Option.refresh.desc,force an update on your obscurity score,
Option.refresh.name,refresh,
Option.refreshtracklist>>>force.desc,show all found options on spotify,
Option.refreshtracklist>>>lastfm.desc,fetch from spotify,
Option.refreshtracklist>>>spotify.desc,fetch from spotify,
Option.remaining-mode.name,remaining-mode,
Option.repeated.desc,gives you a repeated recommendation,
Option.repeated.name,repeated,
Option.rest>>>remaining-mode.desc,"Set the mode for all charts of the remaining images of the users in this server. While this is set any user configuration will be overridden
		The possible values for the rest of the commands are the following:
			**Image**: Using the standard image format
			**List**: Shows it on a embed
			**Pie**: Shows using a pie chart
			**Clear**: Sets the default mode",
Option.rest>>>remaining-mode.desc,"Set the mode for the rest of the commands. Keep in mind that if a server has a set value that will be prioritized.
		The possible values for the rest of the commands are the following:
			**Image**: Using the standard image format
			**List**: Shows it on a embed
			**Pie**: Shows using a pie chart
			**Clear**:| Sets the default mode",
Option.reverse.name,reverse,
Option.rows.desc,number of rows for the chart,
Option.rows.name,rows,
Option.scrobble-goal.desc,The total number of scrobbles you want to see,
Option.scrobble-goal.name,scrobble-goal,
Option.scrobbles.desc,"sort the top by scrobble count, not listeners",
Option.scrobbles.name,scrobbles,
Option.scrobbling.desc,Setting this to false will mean that whatever you play with the bot on a voice channel won't scrooble,
Option.scrobbling.name,scrobbling,
Option.search-phrase.desc,What you want to search for,
Option.search-phrase.name,search-phrase,
Option.search-term.desc,What you want to search for,
Option.search-term.name,search-term,
Option.secondonly.desc,only shows artist where you are second,
Option.secondonly.name,secondonly,
Option.seconds.desc,seconds to seek in,
Option.seconds.name,seconds,
Option.selector.desc,"You can either select all the members, a specific member,all subgroups, a specific subgroup,the main group or what is tagged as Misc.",
Option.selector.name,selector,
Option.server.name,server,
Option.serverreactions>>>check.desc,check the current reactions,
Option.set-on-join.desc,Whether the bot should automatically set all known users when they join your server.,
Option.set-on-join.name,set-on-join,
Option.set>>>wk-image-modes.desc,List of all wk-image-modes to set,
Option.shortest.desc,show the shortest songs first,
Option.shortest.name,shortest,
Option.show-botted.desc,Setting this to false will mean that you wont have to include --nobotted in the global commands to exclude accounts flagged as bots),
Option.show-botted.name,show-botted,
Option.size>>>columns.desc,number of columns for the chart,
Option.song.name,song,
Option.sort.desc,sort by popularity,
Option.sort.name,sort,
Option.soundcloud.desc,only include spotify links,
Option.soundcloud.name,soundcloud,
Option.specific-artist>>>list.desc,break it down by track,
Option.spotify.name,spotify,
Option.start.name,start,
Option.stats-select.desc,the values to select,
Option.stats-select.name,stats-select,
Option.stats-text.desc,the values to select,
Option.stats-text.name,stats-text,
Option.strict.desc,reduce the error range to make the color more accurate,
Option.strict.name,strict,
Option.tags>>>plays.desc,sort by scrobbles,
Option.target.desc,Whether the results contains info from all the server members or only the caller of the command.,
Option.target.name,target,
Option.threshold.desc,Use a threshold to require a set amount of plays for a crowns,
Option.threshold.name,threshold,
Option.time.desc,to sort by duration,
Option.time.name,time,
Option.timeframe.name,timeframe,
Option.timezone.desc,"The timezone can be written either as a abbreviate of the timezone (CET, PT...), the offset of the timezone (+01:00, -12:00...) or trying to write a representative of the timezone using the following format (Europe/Brussels,America/Los Angeles...)",
Option.timezone.name,timezone,
Option.titles.desc,display titles,
Option.titles.name,titles,
Option.to.desc,To: date parsing,
Option.to.name,to,
Option.today.desc,to not include the current day,
Option.today.name,today,
Option.toggle>>>all.desc,disable all commands from all categories of the command introduced,
Option.toggle>>>channel.desc,only does the toggle in this specific channel instead of in the whole server,
Option.top>>>album.desc,use albums,
Option.top>>>count.desc,You can also introduce a number to vary the number of genres shown in the pie. Defaults to 10,
Option.top>>>lastfm.desc,use lastfm tags instead of musicbrainz,
Option.top>>>myself.desc,show your top rated urls,
Option.tracks>>>filter.desc,You can also introduce the playcount to only show songs above that number of plays,
Option.tracks>>>plays.desc,sort by plays instead of the normal order,
Option.unexploredalbums>>>goal.desc,You can introduce a goal that will be the number of scrobbles that you want to obtain,
Option.unflag.desc,unflag a flagged account,
Option.unflag.name,unflag,
Option.unit-count.desc,Number that represents the number of periods of the specified timeframe,
Option.unit-count.name,unit-count,
Option.update>>>force.desc,reset all your scrobble data in the bot,
Option.url.desc,A url to an image. It can be a plain image or you can upload directly to discord using the command,
Option.url.name,url,
Option.user.desc,Who will be used for the command.,
Option.user.name,user,
Option.usestars.desc,show stars instead of numbers on global and server chart,
Option.usestars.name,usestars,
Option.value.desc,One of the possible configuration values,
Option.value.name,value,
Option.voice-announcement-channel.desc,"If set, the bot will send to this channel when a new song is started, as opposed to using the channel where the command was invoked.",
Option.voice-announcement-channel.name,voice-announcement-channel,
Option.voice-announcement-enabled.desc,Whether the bot should announce if it plays the next song or not,
Option.voice-announcement-enabled.name,voice-announcement-enabled,
Option.week.desc,show of the last week,
Option.week.name,week,
Option.week>>>image.desc,displays it as a bar chart,
Option.whoaudio>>>reverse.desc,sort by lowest to highest instead,
Option.whois>>>global.desc,make it global,
Option.whoknows-display>>>whoknows-mode.desc,"Set the mode for all charts. Keep in mind that if a server has a set value that will be prioritized.
		The possible values for the who knows mode are the following:
			**Image**: Using the standard image format
			**List**: Shows it on a embed
			**Pie**: Shows using a pie chart
			**Clear**: Sets the default mode",
Option.whoknows-mode.name,whoknows-mode,modo-whoknows
Option.whoknows>>>whoknows-mode.desc,"Set the mode for all who knows of all users in this server. While this is set any user configuration will be overridden.
		The possible values for the who knows mode are the following:
			**Image**: Using the standard image format
			**List**: Shows it on a embed
			**Pie**: Shows using a pie chart
			**Clear**: Sets the default mode","Configura el modo para todos los usuarios conocidos en este servidor. Mientras esto este configurado, sobreescribir�� cualquier configuraci��n de usuario. "
Option.wk-image-modes.name,wk-image-modes,modo-wk-imagen
Option.year.desc,If the year is not specified it defaults to the current year,"Si el año no esta especificado, el valor predeterminado es el a��o actual "
Option.year.name,year,año
Option.youtube.desc,only include spotify links,Solo incluír links de Spotify
Option.youtube.name,youtube,
